Nome,Telefone,WhatsApp,Cidade,Endereço
Estética Milena Carolina / Especialista em Limpeza de Pele/ Drenagem linfática / Votorantim- SP,+55 15 99855-4152,5515998554152,"Votorantim, SP","Av. Matheus Conegero, 151 - Parque Bela Vista, Votorantim - SP, 18110-570, Brazil"
Patricia Camargo Estética Facial e Corporal,+55 15 99834-6673,5515998346673,"Votorantim, SP","R. Maria Francisca Vieira, 111 - Parque Jataí, Votorantim - SP, 18117-227, Brazil"
Charme Estética e Saúde,+55 11 97386-6767,5511973866767,"Votorantim, SP","R. Emílio Terciani, 204 - Parque Bela Vista, Votorantim - SP, 18110-535, Brazil"
Rennova Estética e Bem-Estar,+55 15 99781-7218,5515997817218,"Votorantim, SP","R. Monte Alegre, 348 - SALA 01 - Centro, Votorantim - SP, 18110-065, Brazil"
Espaço Zen Estética,+55 15 99711-6666,5515997116666,"Votorantim, SP","Av. São João, 1265 - Jardim Icatu, Votorantim - SP, 18110-210, Brazil"
Clínica Élan Derma - Saúde & Estética,+55 15 98832-7007,5515988327007,"Votorantim, SP","Av. Gisele Constantino, 1850 - sala 918 - Boa Vista, Votorantim - SP, 18110-650, Brazil"
"FISIOTERAPIA: SAÚDE, ESTÉTICA E BEM-ESTAR",+55 15 99657-7579,5515996577579,"Votorantim, SP","R. Monte Alegre, 44 - Centro, Votorantim - SP, 18110-065, Brazil"
Sabrina Karafá Beauty - Beleza Express,+55 15 99717-1199,5515997171199,"Votorantim, SP","Galeria Karafá - R. Albertina Nascimento, 45 - Sala 13 - Centro, Votorantim - SP, 18110-095, Brazil"
Estética Bianca Carvalho,,,"Votorantim, SP","Av. Rev. José Manoel da Conceição, 761 - Protestantes, Votorantim - SP, 18111-000, Brazil"
Aline Garcia Estética,+55 15 99661-3471,5515996613471,"Votorantim, SP","R. Monte Alegre, 187 - Centro, Votorantim - SP, 18110-065, Brazil"
Massoterapeuta Fernanda Fernandes,+55 15 99729-0678,5515997290678,"Votorantim, SP","R. Sorocaba, 1066 - Vila Dominguinho, Votorantim - SP, 18114-040, Brazil"
Silmara Oliveira Centro de Beleza,+55 15 3243-3679,551532433679,"Votorantim, SP","R. Matuso Matuchima, 54 - Rio Acima, Votorantim - SP, 18111-305, Brazil"
Angela Lauriano Estetica,+55 15 97402-9239,5515974029239,"Votorantim, SP","Em frente a Praça da Bíblia (Centro de - R. Dr. Heitor Avino, 67 - Chave, Votorantim - SP, 18115-010, Brazil"
Vitale CENTRO DE ESTÉTICA,,,"Votorantim, SP","Av. Rev. José Manoel da Conceição, 589 - Protestantes, Votorantim - SP, 18111-000, Brazil"
Elisa Fernandes beleza e estética,+55 15 99851-5286,5515998515286,"Votorantim, SP","Rua Humberto Della Pache, 35 - Jardim Icatu, Votorantim - SP, 18110-328, Brazil"
Francine Camargo Estética,,,"Votorantim, SP","R. Albertina Nascimento, 45 - Centro, Votorantim - SP, 18111-400, Brazil"
Studio Ela Salão de Beleza Votorantin,+55 15 99837-2269,5515998372269,"Votorantim, SP","R. Eduardo Prado, 72 - Centro, Votorantim - SP, 18110-090, Brazil"
Saimon Nix Estética e Belleza,+55 15 3247-4401,551532474401,"Votorantim, SP","R. Rodrigues Macedo, 75 - Vila Dominguinho, Votorantim - SP, 18114-130, Brazil"
STUDIO IVONE OLIVER,+55 15 98157-1859,5515981571859,"Votorantim, SP","Av. São João, 260 - Jardim Icatu, Votorantim - SP, 18110-210, Brazil"
Amore Comércio de Cosméticos e Bijuterias,,,"Votorantim, SP","Av. 31 de Março, 374 - Centro, Votorantim - SP, 18110-005, Brazil"
AG Beauty Clinic Studio,+55 11 99160-2060,5511991602060,"Votorantim, SP","R. Albertina Nascimento, 218 - Centro, Votorantim - SP, 18110-095, Brazil"
Carolina Machado estética avançada,+55 15 97402-8933,5515974028933,"Votorantim, SP","Av. Carmen Galan Burgos, 126 - Jardim Archila, Votorantim - SP, 18110-000, Brazil"
Depilação e Extensão de Cílios em Votorantim - Studio & Estética Ana Maltos,+55 15 99668-9573,5515996689573,"Votorantim, SP","Av. Octávio Augusto Rangel, 1826 - Jardim Toledo, Votorantim - SP, 18112-055, Brazil"
Clínica I Care,+55 15 3247-3797,551532473797,"Votorantim, SP","R. Antônieta Corrêa dos Santos, 46 - Parque Bela Vista, Votorantim - SP, 18110-585, Brazil"
Sil Studio de Beleza,+55 15 99671-8770,5515996718770,"Votorantim, SP","R. Isabel Corrêa, 250 - Parque Bela Vista, Votorantim - SP, 18110-470, Brazil"
Studio RAHFE,+55 15 99705-1322,5515997051322,"Votorantim, SP","Av. Octávio Augusto Rangel, 1785 - Loja 12-13 - Jardim Toledo, Votorantim - SP, 18112-056, Brazil"
Studio Carla Branco estética e terapias holísticas,+55 15 99766-5086,5515997665086,"Votorantim, SP","Av. São João, 260 - Centro, Votorantim - SP, 18116-175, Brazil"
Studio Polly Valladares,+55 15 99163-7697,5515991637697,"Votorantim, SP","R. Antônio Fernandes, 135 - Centro, Votorantim - SP, 18110-170, Brazil"
CIRÚRGICA VOTORANTIM,+55 15 4101-0737,551541010737,"Votorantim, SP","R. Isaltino Dias, 29 - Centro, Votorantim - SP, 18110-030, Brazil"
Lash Studio Fernanda Vieira,+55 15 99609-1835,5515996091835,"Votorantim, SP","R. Antônio Fernandes - Vila Albertina, Votorantim - SP, 18110-000, Brazil"
Lorrane Stefani Nail Designer,+55 15 99622-4570,5515996224570,"Votorantim, SP","Rua Paula Ney, 975 - Centro, Votorantim - SP, 18110-045, Brazil"
Dra. Sayuri - Lifting Facial,+55 15 99747-1819,5515997471819,"Votorantim, SP","Iguatemi Business - Av. Gisele Constantino, 1850 - 3º Andar - Sala 318 - Parque Bela Vista, Votorantim - SP, 18110-650, Brazil"
Limpeza de pele Sorocaba Campolim Eleiza,+55 11 94315-8633,5511943158633,"Votorantim, SP","R. Estela Campolim, 31 - Parque Campolim, Sorocaba - SP, 18047-600, Brazil"
Renata Rodrigues - Designer de sobrancelhas Cursos,+55 15 99601-7448,5515996017448,"Votorantim, SP","Av. Célso Miguel dos Santos, 459 - Vossoroca, Votorantim - SP, 18116-000, Brazil"
Larissa Portella Beauty Studio,+55 15 99148-7115,5515991487115,"Votorantim, SP","Av. Octávio Augusto Rangel, 939 - Sala 02 - Jardim Toledo, Votorantim - SP, 18112-055, Brazil"
Estética Facial avançada – Dra. Samanta Kumabe,+55 15 98837-1096,5515988371096,"Votorantim, SP","Av. Antônio Carlos Comitre - Jardim Portal da Colina, Sorocaba - SP, 18047-620, Brazil"
Vanessa Milan - Estética Facial e Corporal,+55 15 99162-7209,5515991627209,"Votorantim, SP","R. Luiz Peinado, 526 - Parque Bela Vista, Votorantim - SP, 18110-575, Brazil"
Juliane Barros Estética Especializada,+55 15 98834-0027,5515988340027,"Votorantim, SP","Rua João Serrano, 16 - Jardim Serrano, Votorantim - SP, 18117-130, Brazil"
Dra. Suzi Nonato Saúde Estética| Harmonização Facial e Corporal Sorocaba,+55 15 99846-2619,5515998462619,"Votorantim, SP","Av. Antônio Carlos Comitre, 510 - Sala 72 - Parque Campolim, Sorocaba - SP, 18047-620, Brazil"
Mayra Tersarioli - Estética Facial,+55 11 94113-4492,5511941134492,"Votorantim, SP","Rua Abel Bueno de Moraes, 28 - Jardim Tatiana, Votorantim - SP, 18119-153, Brazil"
Suzana Funes| Face Life Rejuvenescimento,+55 15 99605-3339,5515996053339,"Votorantim, SP","Av. Gisele Constantino, 1451 - Parque Campolim, Votorantim - SP, 18110-650, Brazil"
Carol Lemes Studio - Sobrancelhas,+55 15 99164-3979,5515991643979,"Votorantim, SP","R. Eugênio Biazin, 118 - Jardim Clarice I, Votorantim - SP, 18116-690, Brazil"
Biatriz Lopes - Estética Facial,+55 15 98806-8550,5515988068550,"Votorantim, SP","R. Pedro Fontes, 482 - Rio Acima, Votorantim - SP, 18111-375, Brazil"
GR Beauty Clinic - Sorocaba,+55 15 98132-6603,5515981326603,"Votorantim, SP","Rua Horacio Cenci, 9 - Parque Campolim, Sorocaba - SP, 18047-800, Brazil"
Face Doctor Sorocaba Campolim,+55 15 98115-5190,5515981155190,"Votorantim, SP","Av. Gisele Constantino, 1468 - Parque Bela Vista, Votorantim - SP, 18110-650, Brazil"
Carolmachado,+55 15 97402-8933,5515974028933,"Votorantim, SP","Av. Luiz do Patrocínio Fernandes, 1536 - Rio Acima, Votorantim - SP, 18110-000, Brazil"
Jéssica Cavalcante Estética Corporal e Facial,+55 11 98187-0322,5511981870322,"Votorantim, SP","Av. Eugênio Bernardi, 452 - Sala 02 - Parque Bela Vista, Votorantim - SP, 18110-560, Brazil"
Paula Baccelli Estética Facial e Corporal,+55 15 98141-3571,5515981413571,"Votorantim, SP","R. José Maria Hanickel, 76 - Sala 33 - Parque Campolim, Sorocaba - SP, 18047-360, Brazil"
D & D,+55 15 99718-6955,5515997186955,"Votorantim, SP","Rua:Paula Ney, 1604 - Centro, Votorantim - SP, 18110-045, Brazil"
Studio Midori,+55 15 3247-1358,551532471358,"Votorantim, SP","Av. Luiz do Patrocínio Fernandes, 1450 - Vila Dominguinho, Votorantim - SP, 18114-001, Brazil"
IB Corporal,+55 15 99104-0339,5515991040339,"Votorantim, SP","Av. Gisele Constantino, 1850 - Parque Bela Vista, Sorocaba - SP, 18110-902, Brazil"
Espaco Katia Yamaoka | Massoterapia e Acupuntura,+55 15 99631-1528,5515996311528,"Votorantim, SP","R. Orlando Latance, 61 - Nova Votorantim, Votorantim - SP, 18113-250, Brazil"
CLÍNICA YUNI - Saúde e Estética Integrada,+55 15 3232-7177,551532327177,"Sorocaba, SP","R. Salvador Corrêa, 375 - Jardim Vergueiro, Sorocaba - SP, 18030-130, Brazil"
Clínica de Estética Espaço Mulher,+55 15 98833-8563,5515988338563,"Sorocaba, SP","Francisco mocciolo, 45 - Jardim Goncalves, Sorocaba - SP, 18016-410, Brazil"
Clinica Vivian Estética Sorocaba / limpeza de pele/ enzimas / botox / diástase/rejuvenescimento /drenagem linfática/,+55 11 4114-8779,551141148779,"Sorocaba, SP","R. Antônio Perez Hernandez, 705 - Parque Campolim, Sorocaba - SP, 18048-115, Brazil"
Clínica Mussi Estética Avançada,+55 15 98149-3623,5515981493623,"Sorocaba, SP","R. Dilermando Viêira Borges, 220 - Jardim Nova Ipanema, Sorocaba - SP, 18071-000, Brazil"
Clínica de Estética - Juliana Boemer,+55 15 98132-2056,5515981322056,"Sorocaba, SP","R. Vicente Latorre Netto, 325 - Jardim Bertanha, Sorocaba - SP, 18052-190, Brazil"
Espaço Suzana Soares | Estética e Mentoria,+55 15 99648-8694,5515996488694,"Sorocaba, SP","R. Roque da Silva, 246 - Parque das Paineiras, Sorocaba - SP, 18078-627, Brazil"
Clínica de estética Amanda Fantazia,+55 15 99185-5961,5515991855961,"Sorocaba, SP","Av. Dr. Afonso Vergueiro, 2196 - são joão, Sorocaba - SP, 18035-370, Brazil"
Revitalize Estética Avançada,+55 15 99695-9236,5515996959236,"Sorocaba, SP","Av: Edward Fru Fru Marciano da Silva 198 - Jardim Sao Guilherme, Sorocaba - SP, 18074-621, Brazil"
Redefina-se Estética Avançada | Santa Rosália,+55 15 99622-0888,5515996220888,"Sorocaba, SP","Alameda Kenworthy, 416 - Centro, Sorocaba - SP, 18095-360, Brazil"
Estética Cristiane Martins - Sorocaba - Jardim Siriema,+55 15 99757-9569,5515997579569,"Sorocaba, SP","R. Igino Giordani, 36 - sala 01 - Jardim Siriema, Sorocaba - SP, 18075-772, Brazil"
Della Belle Estética,+55 15 98109-4636,5515981094636,"Sorocaba, SP","R. Pernambuco, 312 - Centro, Sorocaba - SP, 18035-460, Brazil"
Via Vita Estética Integrativa em Sorocaba | Emagrecimento e SPA Day,+55 15 98801-0810,5515988010810,"Sorocaba, SP","R. Dr. Bráulio Guedes da Silva, 143 - Jardim Santa Rosália, Sorocaba - SP, 18090-010, Brazil"
Estética em Sorocaba - Dra. Pryscylla Monalisa,+55 15 99862-2653,5515998622653,"Sorocaba, SP","Av. Itavuvu, 2810 - sala 43 - Jardim Santa Cecilia, Sorocaba - SP, 18078-005, Brazil"
Espaço Alma Estética e Felicidade - Estética Avançada Facial e Corporal em Sorocaba,+55 15 99753-4112,5515997534112,"Sorocaba, SP","Rua Dr. Lineu Mattos Silveira, 228 - Jardim Helena Cristina, Sorocaba - SP, 18045-435, Brazil"
Ariana Magalhães Estética e Beleza,+55 15 99194-9860,5515991949860,"Sorocaba, SP","R. Dilermando Viêira Borges, 220 - Jardim Nova Ipanema, Sorocaba - SP, 18071-000, Brazil"
Bell Estética Avançada,+55 15 99109-6852,5515991096852,"Sorocaba, SP","Rua José Maria Hannickel, 76 - Sala 23 - Vila Helena, Sorocaba - SP, 18047-360, Brazil"
Saúde Estética Sorocaba - Dra Adrielle de Almeida,+55 15 98126-7247,5515981267247,"Sorocaba, SP","Av. Washington Luiz, 310 - Jardim Emilia, Sorocaba - SP, 18031-000, Brazil"
Corporelle - Clínica de estética,+55 15 99107-9469,5515991079469,"Sorocaba, SP","R. Pandiá Calógeras, 418 - Jardim Vergueiro, Sorocaba - SP, 18030-030, Brazil"
Regiane Gouveia Biomédica Esteta,+55 15 99258-6601,5515992586601,"Sorocaba, SP","R. Atílio Silvano, 200 - Maria Eugênia, Sorocaba - SP, 18074-410, Brazil"
Jovie Clinica de Estética,+55 15 3357-6761,551533576761,"Sorocaba, SP","Av. Antônio Carlos Comitre, 510 - Parque Campolim, Sorocaba - SP, 18047-620, Brazil"
Johnny Andrew - estética facial,+55 15 98137-2725,5515981372725,"Sorocaba, SP","R. Cap. José Dias - Centro, Sorocaba - SP, 18035-260, Brazil"
Academia VIVA,+55 15 98144-0019,5515981440019,"Sorocaba, SP","Cond. Empresarial Ilimité - Av. Eng. Carlos Reinaldo Mendes, 3200 - Sala 605 - Alto da Boa Vista, Sorocaba - SP, 18013-280, Brazil"
Milka Riello estética,+55 15 99658-0388,5515996580388,"Sorocaba, SP","R. Estanislau Camargo Sampaio, 239 - Sala 2 - Jardim Luciana Maria, Sorocaba - SP, 18071-311, Brazil"
"HofSpace Beauty - Clínica de Estética em Sorocaba - Botox, Harmonização Facial e Preenchimento Labial",+55 15 99839-8764,5515998398764,"Sorocaba, SP","Av. Comendador Pereira Inácio, 950 - Sala 302 - Jardim Vergueiro, Sorocaba - SP, 18030-005, Brazil"
Dra. Ana Laura Moraes Estética - Bioestética facial e corporal,,,"Sorocaba, SP","R. Guaicurus, 38 - Vila Leao, Sorocaba - SP, 18040-426, Brazil"
Aline Sampaio - Terapia Corporal Método Renata França,+55 15 99810-4772,5515998104772,"Sorocaba, SP","R. Oscár Camargo Costa, 9 - Jardim America, Sorocaba - SP, 18046-670, Brazil"
Centro de Estética Angioli,+55 15 99815-2813,5515998152813,"Sorocaba, SP","R. Clodomiro Paschoal, 98 - Jardim Paulistano, Sorocaba - SP, 18040-740, Brazil"
Adriana Paixão Estética Avançada,+55 15 99611-1446,5515996111446,"Sorocaba, SP","R. Antenor Oliveira Lima, 286 - Jardim dos Estados, Sorocaba - SP, 18046-050, Brazil"
Francielli Fernandes - Estética corporal - Sorocaba SP,+55 15 99825-9262,5515998259262,"Sorocaba, SP","Av. Santa Cruz, 167 - office 7 - Jardim Vera Cruz, Sorocaba - SP, 18020-210, Brazil"
Renata Fujita Estética,+55 11 91234-9633,5511912349633,"Sorocaba, SP","Rua Prof - R. Prof. Mário Aurélio Dias, 23 - Vila Lucy, Sorocaba - SP, 18043-170, Brazil"
Spazio Bella Estetica e SPA,+55 15 99144-0151,5515991440151,"Sorocaba, SP","Av. São Paulo, 3333 - Além ponte, Sorocaba - SP, 18013-004, Brazil"
